{
  "timestamp": "20250910_111437",
  "prediction": 1,
  "prediction_name": "Spruce/Fir",
  "confidence": 53.653968811035156,
  "probabilities": [
    0.5365396738052368,
    0.2721625566482544,
    0.002323584631085396,
    0.004274981562048197,
    0.0003557814343366772,
    0.0020178055856376886,
    0.1823255568742752
  ],
  "inputs": {
    "elevation": 3703,
    "aspect": 267,
    "slope": 51,
    "horz_dist_hydro": 1294,
    "vert_dist_hydro": 530,
    "horz_dist_road": 1306,
    "horz_dist_fire": 498,
    "hillshade_9am": 35,
    "hillshade_noon": 125,
    "hillshade_3pm": 106,
    "wilderness_area": "Wilderness_Area4",
    "soil_type": "Soil_Type27"
  },
  "path": "Saved_Predictions\\single\\20250910_111437"
}